,Account length,Area code,Number vmail messages,Total day minutes,Total day calls,Total day charge,Total eve minutes,Total eve calls,Total eve charge,Total night minutes,Total night calls,Total night charge,Total intl minutes,Total intl calls,Total intl charge,Customer service calls,Churned,Internationalplan,Voicemailplan
count,2666.0,2666.0,2666.0,2666.0,2666.0,2666.0,2666.0,2666.0,2666.0,2666.0,2666.0,2666.0,2666.0,2666.0,2666.0,2666.0,2666.0,2666.0,2666.0
mean,100.62040510127532,437.43885971492875,8.021755438859715,179.48162040510127,100.31020255063765,30.512404351087774,200.38615903975995,100.02363090772693,17.0330720180045,201.16894223555886,100.10615153788447,9.05268942235559,10.23702175543886,4.467366841710428,2.7644898724681166,1.5626406601650413,0.145536384096024,0.10127531882970743,0.27494373593398347
std,39.56397365334985,42.52101801942723,13.612277018291943,54.210350220869834,19.988162186059494,9.215732907163499,50.95151511764594,20.161445115318894,4.330864176799866,50.780323368725305,19.418458551101708,2.285119512915754,2.7883485770512593,2.4561949030129497,0.7528120531228483,1.3112357589949095,0.35270697114419514,0.30174953514001535,0.4465696820046115
min,1.0,408.0,0.0,0.0,0.0,0.0,0.0,0.0,0.0,43.7,33.0,1.97,0.0,0.0,0.0,0.0,0.0,0.0,0.0
25%,73.0,408.0,0.0,143.4,87.0,24.38,165.3,87.0,14.05,166.925,87.0,7.512499999999999,8.5,3.0,2.3,1.0,0.0,0.0,0.0
50%,100.0,415.0,0.0,179.95,101.0,30.59,200.9,100.0,17.08,201.14999999999998,100.0,9.05,10.2,4.0,2.75,1.0,0.0,0.0,0.0
75%,127.0,510.0,19.0,215.9,114.0,36.7,235.1,114.0,19.98,236.475,113.0,10.64,12.1,6.0,3.27,2.0,0.0,0.0,1.0
max,243.0,510.0,50.0,350.8,160.0,59.64,363.7,170.0,30.91,395.0,166.0,17.77,20.0,20.0,5.4,9.0,1.0,1.0,1.0
